epoch,step,train/cardinality_error,train/cardinality_error_0,train/cardinality_error_1,train/cardinality_error_2,train/cardinality_error_enc,train/class_error,train/loss,train/loss_bbox,train/loss_bbox_0,train/loss_bbox_1,train/loss_bbox_2,train/loss_bbox_enc,train/loss_ce,train/loss_ce_0,train/loss_ce_1,train/loss_ce_2,train/loss_ce_enc,train/loss_giou,train/loss_giou_0,train/loss_giou_1,train/loss_giou_2,train/loss_giou_enc,train/lr,train/lr_max,train/lr_min,val/AP/not_occluded,val/AP/occluded,val/F1,val/ema_mAP_50,val/ema_mAP_50_95,val/ema_mAR,val/loss,val/mAP_50,val/mAP_50_95,val/mAP_75,val/mAR,val/precision,val/recall
0,49,,,,,,,,,,,,,,,,,,,,,,,4.999999873689376e-05,7.349999941652641e-05,3.232564267818816e-06,,,,,,,,,,,,,
0,57,,,,,,,,,,,,,,,,,,,,,,,,,,0.7743647694587708,0.46233654022216797,0.6702299118041992,0.850621223449707,0.6171343326568604,0.8073275685310364,6.815958499908447,0.8531876802444458,0.6183506846427917,0.6792571544647217,0.8056034445762634,0.6700533628463745,0.7629310488700867
0,57,3700.925537109375,3839.105712890625,3835.206787109375,3826.66162109375,3866.340576171875,46.521324157714844,7.610830307006836,0.016417477279901505,0.016721881926059723,0.016590194776654243,0.01653408072888851,0.018569305539131165,1.1328152418136597,1.1554672718048096,1.1339031457901,1.1346787214279175,1.1190152168273926,0.14771117269992828,0.14836663007736206,0.14816083014011383,0.1479242593050003,0.1632308065891266,,,,,,,,,,,,,,,,
1,99,,,,,,,,,,,,,,,,,,,,,,,4.999999873689376e-05,7.349999941652641e-05,3.232564267818816e-06,,,,,,,,,,,,,
1,115,,,,,,,,,,,,,,,,,,,,,,,,,,0.8200652599334717,0.479723185300827,0.8308563232421875,0.8960437178611755,0.6545215249061584,0.8181034326553345,5.280399799346924,0.8880385160446167,0.6498942375183105,0.7011946439743042,0.8146551847457886,0.841231107711792,0.8232758641242981
1,115,3549.3740234375,3848.34814453125,3831.853515625,3836.851318359375,3875.5830078125,14.749114036560059,5.820201396942139,0.015888195484876633,0.01567947305738926,0.015578544698655605,0.01578925922513008,0.017296811565756798,0.7137354612350464,0.8279010653495789,0.7421306371688843,0.7114153504371643,0.9582706093788147,0.14519630372524261,0.1430123895406723,0.14303240180015564,0.14368946850299835,0.15786172449588776,,,,,,,,,,,,,,,,
2,149,,,,,,,,,,,,,,,,,,,,,,,4.999999873689376e-05,7.349999941652641e-05,3.232564267818816e-06,,,,,,,,,,,,,
2,173,,,,,,,,,,,,,,,,,,,,,,,,,,0.8113244771957397,0.49857860803604126,0.8290097713470459,0.8917765021324158,0.6513263583183289,0.818965494632721,5.04958438873291,0.8951617479324341,0.6549515128135681,0.7310293912887573,0.8198275566101074,0.820105791091919,0.8448275923728943
2,173,3698.40185546875,3849.919189453125,3834.925537109375,3851.914794921875,3876.46337890625,8.963306427001953,4.928856372833252,0.015193584375083447,0.014932050369679928,0.015106450766324997,0.015056786127388477,0.018521713092923164,0.5763527154922485,0.6326114535331726,0.5959503650665283,0.5767582058906555,0.7367061972618103,0.13759909570217133,0.13580633699893951,0.13577866554260254,0.13654625415802002,0.16248150169849396,,,,,,,,,,,,,,,,
3,199,,,,,,,,,,,,,,,,,,,,,,,4.999999873689376e-05,7.349999941652641e-05,3.232564267818816e-06,,,,,,,,,,,,,
3,231,,,,,,,,,,,,,,,,,,,,,,,,,,0.813241720199585,0.5212436318397522,0.8529514670372009,0.9231366515159607,0.6782597899436951,0.8232758641242981,5.0743794441223145,0.9221271276473999,0.667242705821991,0.7409392595291138,0.8129310607910156,0.8099717497825623,0.9008620977401733
3,231,3665.428955078125,3828.5322265625,3804.894287109375,3845.04736328125,3870.0322265625,5.620026588439941,4.4547438621521,0.014536409638822079,0.014617585577070713,0.014515885151922703,0.01448728609830141,0.01666075363755226,0.5025441646575928,0.5500627160072327,0.5161427855491638,0.5015495419502258,0.6324223875999451,0.1348317414522171,0.13499954342842102,0.13393674790859222,0.13435828685760498,0.1508398950099945,,,,,,,,,,,,,,,,
4,249,,,,,,,,,,,,,,,,,,,,,,,4.999999873689376e-05,7.349999941652641e-05,3.232564267818816e-06,,,,,,,,,,,,,
4,289,,,,,,,,,,,,,,,,,,,,,,,,,,0.8111826777458191,0.48676055669784546,0.8421347141265869,0.9041918516159058,0.664413332939148,0.8116379380226135,5.188934803009033,0.8803728818893433,0.6489716172218323,0.7167587876319885,0.8099138140678406,0.8337209224700928,0.8534482717514038
4,289,3676.8125,3809.701416015625,3786.02490234375,3839.174560546875,3861.539794921875,4.597700595855713,4.23773193359375,0.013909929431974888,0.014090627431869507,0.014064136892557144,0.01389680989086628,0.01747121289372444,0.47671476006507874,0.5098556876182556,0.4847053587436676,0.4773995280265808,0.5737524628639221,0.13077272474765778,0.12931594252586365,0.12956811487674713,0.12992450594902039,0.15448884665966034,,,,,,,,,,,,,,,,
5,299,,,,,,,,,,,,,,,,,,,,,,,4.999999873689376e-05,7.349999941652641e-05,3.232564267818816e-06,,,,,,,,,,,,,
5,347,,,,,,,,,,,,,,,,,,,,,,,,,,0.8128147125244141,0.514183759689331,0.8032789826393127,0.920067310333252,0.6792051792144775,0.8254310488700867,5.267745494842529,0.901706874370575,0.6634992361068726,0.7435742020606995,0.8198275566101074,0.8409034609794617,0.8103448152542114
5,347,3678.382568359375,3805.11962890625,3776.408447265625,3842.446044921875,3864.720947265625,4.5065202713012695,3.983314037322998,0.01341957040131092,0.013364648446440697,0.013272790238261223,0.013362746685743332,0.016125528141856194,0.4542278051376343,0.4749312698841095,0.45970892906188965,0.4541934132575989,0.5384172797203064,0.12147631496191025,0.12156456708908081,0.12081700563430786,0.12113147228956223,0.14206407964229584,,,,,,,,,,,,,,,,
6,349,,,,,,,,,,,,,,,,,,,,,,,4.999999873689376e-05,7.349999941652641e-05,3.232564267818816e-06,,,,,,,,,,,,,
6,399,,,,,,,,,,,,,,,,,,,,,,,4.999999873689376e-05,7.349999941652641e-05,3.232564267818816e-06,,,,,,,,,,,,,
6,405,,,,,,,,,,,,,,,,,,,,,,,,,,0.8002476692199707,0.5054229497909546,0.8392857313156128,0.9025501012802124,0.6631718277931213,0.815517246723175,5.094801902770996,0.8869550228118896,0.6528353095054626,0.7214739918708801,0.8086206912994385,0.8166666626930237,0.8706896305084229
6,405,3719.2802734375,3809.173583984375,3798.07861328125,3850.74462890625,3870.554931640625,3.5643234252929688,4.031104564666748,0.0141249755397439,0.01436817366629839,0.014256884343922138,0.014141342602670193,0.016672544181346893,0.44621407985687256,0.46061578392982483,0.4484027326107025,0.4450104534626007,0.5176873207092285,0.12993912398815155,0.13235758244991302,0.13095872104167938,0.1303485929965973,0.14907331764698029,,,,,,,,,,,,,,,,
7,449,,,,,,,,,,,,,,,,,,,,,,,4.999999873689376e-05,7.349999941652641e-05,3.232564267818816e-06,,,,,,,,,,,,,
7,463,,,,,,,,,,,,,,,,,,,,,,,,,,0.8111339807510376,0.5084957480430603,0.8580539226531982,0.902040421962738,0.6764612197875977,0.8232758641242981,5.039159774780273,0.8859970569610596,0.6598148345947266,0.7589107751846313,0.8090517520904541,0.8551966547966003,0.8620689511299133
7,463,3726.670166015625,3810.0732421875,3797.3427734375,3854.169189453125,3874.18115234375,1.5251988172531128,3.6109001636505127,0.012696963734924793,0.012748302891850471,0.012597606517374516,0.012699750252068043,0.01503363810479641,0.39330995082855225,0.4071633517742157,0.39778804779052734,0.394784152507782,0.46389347314834595,0.11943140625953674,0.1195792704820633,0.11849268525838852,0.11926662176847458,0.13576962053775787,,,,,,,,,,,,,,,,
8,499,,,,,,,,,,,,,,,,,,,,,,,4.999999873689376e-05,7.349999941652641e-05,3.232564267818816e-06,,,,,,,,,,,,,
8,521,,,,,,,,,,,,,,,,,,,,,,,,,,0.8128135204315186,0.5262101292610168,0.8550551533699036,0.9061914682388306,0.6773483753204346,0.8254310488700867,4.989287376403809,0.8914541006088257,0.6695118546485901,0.7606964707374573,0.8099138140678406,0.8441407084465027,0.8663793206214905
8,521,3722.9384765625,3791.00439453125,3800.041015625,3844.705810546875,3865.481689453125,1.8015029430389404,3.4647812843322754,0.012383541092276573,0.012409972958266735,0.01241502445191145,0.012378288432955742,0.013991770334541798,0.37679001688957214,0.3882518410682678,0.37896454334259033,0.37536054849624634,0.4427703022956848,0.11584867537021637,0.11625584959983826,0.11596844345331192,0.11564261466264725,0.12865997850894928,,,,,,,,,,,,,,,,
9,549,,,,,,,,,,,,,,,,,,,,,,,4.999999873689376e-05,7.349999941652641e-05,3.232564267818816e-06,,,,,,,,,,,,,
9,579,,,,,,,,,,,,,,,,,,,,,,,,,,0.8148694634437561,0.5394949316978455,0.8656872510910034,0.906346321105957,0.6813174486160278,0.8262931108474731,4.865301609039307,0.9060165882110596,0.6771821975708008,0.7735517621040344,0.821982741355896,0.8743917346000671,0.8706896305084229
9,579,3752.490234375,3803.69287109375,3834.803955078125,3856.26611328125,3874.43310546875,2.2214853763580322,3.576399087905884,0.012661230750381947,0.012953957542777061,0.012650905176997185,0.012598969973623753,0.015750426799058914,0.38377121090888977,0.3944959044456482,0.3869548439979553,0.38661375641822815,0.4589481055736542,0.11899644881486893,0.11896849423646927,0.11862264573574066,0.11852867901325226,0.1411520391702652,,,,,,,,,,,,,,,,
10,599,,,,,,,,,,,,,,,,,,,,,,,4.999999873689376e-05,7.349999941652641e-05,3.232564267818816e-06,,,,,,,,,,,,,
10,637,,,,,,,,,,,,,,,,,,,,,,,,,,0.8268494606018066,0.5136122107505798,0.8611753582954407,0.9118108153343201,0.688806414604187,0.8293103575706482,4.9171223640441895,0.888266384601593,0.6702308058738708,0.7536635398864746,0.8176724314689636,0.8890671133995056,0.8362069129943848
10,637,3699.52685546875,3738.46875,3794.43310546875,3805.07861328125,3868.89111328125,1.9037353992462158,3.4222421646118164,0.012074720114469528,0.012182878330349922,0.012051877565681934,0.012049363926053047,0.01387268491089344,0.37791070342063904,0.3880097568035126,0.37911731004714966,0.3782380223274231,0.4431513547897339,0.11120624095201492,0.11251366883516312,0.11118411272764206,0.11133334785699844,0.12609149515628815,,,,,,,,,,,,,,,,
11,649,,,,,,,,,,,,,,,,,,,,,,,4.999999873689376e-05,7.349999941652641e-05,3.232564267818816e-06,,,,,,,,,,,,,
11,695,,,,,,,,,,,,,,,,,,,,,,,,,,0.8117270469665527,0.5274167060852051,0.8623180389404297,0.9075877070426941,0.6880236864089966,0.8275862336158752,4.952782154083252,0.8833336234092712,0.6695718765258789,0.7810584902763367,0.8168103694915771,0.8461485505104065,0.8793103694915771
11,695,3707.392333984375,3729.16162109375,3787.927734375,3795.271484375,3868.83935546875,1.6578247547149658,3.4550397396087646,0.012243174947798252,0.012345768511295319,0.012341312132775784,0.012273568660020828,0.015624038875102997,0.3678503632545471,0.3782198131084442,0.36931169033050537,0.36831244826316833,0.4497070610523224,0.11431608349084854,0.11575425416231155,0.11478570103645325,0.11474964022636414,0.13914409279823303,,,,,,,,,,,,,,,,
12,699,,,,,,,,,,,,,,,,,,,,,,,4.999999873689376e-05,7.349999941652641e-05,3.232564267818816e-06,,,,,,,,,,,,,
12,749,,,,,,,,,,,,,,,,,,,,,,,4.999999873689376e-05,7.349999941652641e-05,3.232564267818816e-06,,,,,,,,,,,,,
12,753,,,,,,,,,,,,,,,,,,,,,,,,,,0.8298369646072388,0.5359142422676086,0.8627682328224182,0.9038716554641724,0.693703830242157,0.8280172348022461,5.007401943206787,0.894623339176178,0.6828755736351013,0.7764531970024109,0.8211206793785095,0.8471877574920654,0.8793103694915771
12,753,3709.39111328125,3757.6572265625,3790.39111328125,3800.740234375,3866.253173828125,1.6384836435317993,3.2948148250579834,0.010951118543744087,0.010932144708931446,0.010913524776697159,0.010895519517362118,0.013286708854138851,0.37371012568473816,0.3760400712490082,0.37191101908683777,0.3730084002017975,0.43480879068374634,0.10463209450244904,0.10483559966087341,0.10428081452846527,0.10454306751489639,0.12192913889884949,,,,,,,,,,,,,,,,
13,799,,,,,,,,,,,,,,,,,,,,,,,4.999999873689376e-05,7.349999941652641e-05,3.232564267818816e-06,,,,,,,,,,,,,
13,811,,,,,,,,,,,,,,,,,,,,,,,,,,0.8191125392913818,0.5649017691612244,0.8626194596290588,0.9044456481933594,0.6909995675086975,0.8232758641242981,4.794856071472168,0.9123119115829468,0.6920071244239807,0.8007276058197021,0.8120689392089844,0.8315715193748474,0.8965517282485962
13,811,3723.977294921875,3761.220947265625,3798.291015625,3803.98486328125,3867.041015625,2.384504795074463,3.4115138053894043,0.011729544028639793,0.011811787262558937,0.011762874200940132,0.011765998788177967,0.01421049889177084,0.3833540081977844,0.3856397867202759,0.38347867131233215,0.3827851414680481,0.4444291293621063,0.10867953300476074,0.10920272767543793,0.10826364904642105,0.10841107368469238,0.12815426290035248,,,,,,,,,,,,,,,,
14,849,,,,,,,,,,,,,,,,,,,,,,,4.999999873689376e-05,7.349999941652641e-05,3.232564267818816e-06,,,,,,,,,,,,,
14,869,,,,,,,,,,,,,,,,,,,,,,,,,,0.811897873878479,0.5180361866950989,0.8477309942245483,0.9048920273780823,0.6936540007591248,0.8262931108474731,5.136589527130127,0.867953896522522,0.6649670004844666,0.752678632736206,0.821982741355896,0.8155303001403809,0.8836206793785095
14,869,3747.678955078125,3755.81787109375,3789.560302734375,3808.195068359375,3870.128173828125,0.6824712157249451,3.2377936840057373,0.011704540811479092,0.011822928674519062,0.011650724336504936,0.011769955977797508,0.014582606963813305,0.34410518407821655,0.3489193320274353,0.3431192636489868,0.3442881107330322,0.40776488184928894,0.1108463779091835,0.10990756005048752,0.10979335755109787,0.11039914935827255,0.13002528250217438,,,,,,,,,,,,,,,,
15,899,,,,,,,,,,,,,,,,,,,,,,,4.999999873689376e-05,7.349999941652641e-05,3.232564267818816e-06,,,,,,,,,,,,,
15,927,,,,,,,,,,,,,,,,,,,,,,,,,,0.8173975944519043,0.5327631235122681,0.8614570498466492,0.9027326107025146,0.6908025145530701,0.8275862336158752,4.930726051330566,0.8895798921585083,0.6750803589820862,0.7853473424911499,0.8181034326553345,0.8261018991470337,0.9008620977401733
15,927,3761.00537109375,3746.767333984375,3805.9072265625,3794.378173828125,3871.98388671875,1.1853448152542114,3.1812760829925537,0.01082783006131649,0.010866803117096424,0.010780817829072475,0.010849706828594208,0.01378072239458561,0.3468846380710602,0.35225149989128113,0.34868404269218445,0.347110778093338,0.41367989778518677,0.10443618148565292,0.1045464351773262,0.10383380949497223,0.10428006947040558,0.12647096812725067,,,,,,,,,,,,,,,,
16,949,,,,,,,,,,,,,,,,,,,,,,,4.999999873689376e-05,7.349999941652641e-05,3.232564267818816e-06,,,,,,,,,,,,,
16,985,,,,,,,,,,,,,,,,,,,,,,,,,,0.7935070991516113,0.5236648917198181,0.8604303002357483,0.8998363614082336,0.6847583651542664,0.8258620500564575,5.138339996337891,0.8739312291145325,0.6585859656333923,0.7618840932846069,0.8133620619773865,0.8430486917495728,0.8793103694915771
16,985,3717.200439453125,3757.137939453125,3789.329833984375,3752.846923828125,3871.666015625,0.6465517282485962,3.048093318939209,0.010508698411285877,0.01056294608861208,0.010485021397471428,0.010511113330721855,0.014266731217503548,0.33075764775276184,0.3352667987346649,0.32900750637054443,0.32945939898490906,0.4149533212184906,0.09723225980997086,0.09733168035745621,0.09669158607721329,0.09706952422857285,0.12516306340694427,,,,,,,,,,,,,,,,
17,999,,,,,,,,,,,,,,,,,,,,,,,4.999999873689376e-05,7.349999941652641e-05,3.232564267818816e-06,,,,,,,,,,,,,
17,1043,,,,,,,,,,,,,,,,,,,,,,,,,,0.8401436805725098,0.557349681854248,0.8553300499916077,0.8969621062278748,0.6847065687179565,0.829741358757019,5.124084949493408,0.9084218740463257,0.6987466812133789,0.8093257546424866,0.8228448033332825,0.8370132446289062,0.8836206793785095
17,1043,3713.68212890625,3701.513916015625,3755.200439453125,3733.56884765625,3871.73486328125,1.414677381515503,3.115788221359253,0.010190081782639027,0.010231592692434788,0.01017092540860176,0.01022324524819851,0.01315732765942812,0.34266018867492676,0.3445441722869873,0.3409343361854553,0.34204229712486267,0.41111162304878235,0.102035291492939,0.10183635354042053,0.10149648040533066,0.10207583010196686,0.12487099319696426,,,,,,,,,,,,,,,,
18,1049,,,,,,,,,,,,,,,,,,,,,,,4.999999873689376e-05,7.349999941652641e-05,3.232564267818816e-06,,,,,,,,,,,,,
18,1099,,,,,,,,,,,,,,,,,,,,,,,4.999999873689376e-05,7.349999941652641e-05,3.232564267818816e-06,,,,,,,,,,,,,
18,1101,,,,,,,,,,,,,,,,,,,,,,,,,,0.8277519941329956,0.5528785586357117,0.8348106741905212,0.9029943346977234,0.6957377791404724,0.8301724195480347,5.211933612823486,0.8964784741401672,0.690315306186676,0.7958762645721436,0.821982741355896,0.8557654023170471,0.8362069129943848
18,1101,3701.2705078125,3666.670166015625,3746.169189453125,3723.98388671875,3870.607666015625,1.3566534519195557,3.0209546089172363,0.010411270894110203,0.0104281697422266,0.010396682657301426,0.010469523258507252,0.012773385271430016,0.3337427079677582,0.33320119976997375,0.33233311772346497,0.33487245440483093,0.38735949993133545,0.0991382747888565,0.09941317141056061,0.09920148551464081,0.09961485117673874,0.11615734547376633,,,,,,,,,,,,,,,,
19,1149,,,,,,,,,,,,,,,,,,,,,,,4.999999873689376e-05,7.349999941652641e-05,3.232564267818816e-06,,,,,,,,,,,,,
19,1159,,,,,,,,,,,,,,,,,,,,,,,,,,0.8077545166015625,0.5366337895393372,0.8602113127708435,0.902949869632721,0.6945644617080688,0.826724112033844,5.196802616119385,0.8784424662590027,0.6721941232681274,0.7755252718925476,0.8163793087005615,0.8342295289039612,0.8879310488700867
19,1159,3669.633544921875,3643.081787109375,3719.383544921875,3702.831787109375,3861.47412109375,0.8620689511299133,2.840245008468628,0.009717468172311783,0.009767108596861362,0.009755467996001244,0.0097432229667902,0.011925925500690937,0.3129691779613495,0.3160461485385895,0.3119230270385742,0.31328636407852173,0.3691159188747406,0.09257626533508301,0.09294725954532623,0.0926896259188652,0.09278171509504318,0.110183946788311,,,,,,,,,,,,,,,,
20,1199,,,,,,,,,,,,,,,,,,,,,,,4.999999873689376e-05,7.349999941652641e-05,3.232564267818816e-06,,,,,,,,,,,,,
20,1217,,,,,,,,,,,,,,,,,,,,,,,,,,0.8066743612289429,0.5463066101074219,0.8610407710075378,0.9010794162750244,0.696177065372467,0.829741358757019,5.0167436599731445,0.9062742590904236,0.6764904856681824,0.7936542630195618,0.8120689392089844,0.8521311283111572,0.875
20,1217,3703.132568359375,3674.763916015625,3740.1259765625,3728.35986328125,3861.478515625,0.5747126340866089,2.9235804080963135,0.009907398372888565,0.009710815735161304,0.009817020036280155,0.009878294542431831,0.01291658915579319,0.3205585777759552,0.3252831697463989,0.3198363184928894,0.32093343138694763,0.3873297870159149,0.09448812901973724,0.09378158301115036,0.09400259703397751,0.09430224448442459,0.11767007410526276,,,,,,,,,,,,,,,,
21,1249,,,,,,,,,,,,,,,,,,,,,,,4.999999873689376e-05,7.349999941652641e-05,3.232564267818816e-06,,,,,,,,,,,,,
21,1275,,,,,,,,,,,,,,,,,,,,,,,,,,0.8240770697593689,0.5622380971908569,0.8712719082832336,0.9016296863555908,0.700027585029602,0.8306034207344055,4.691592216491699,0.9081650972366333,0.6931576132774353,0.8006123304367065,0.817241370677948,0.86448734998703,0.8793103694915771
21,1275,3717.956787109375,3698.404052734375,3735.87939453125,3722.867431640625,3852.9384765625,0.7543103694915771,2.9029359817504883,0.010206488892436028,0.010313989594578743,0.010163377970457077,0.010232895612716675,0.011937581934034824,0.3207109570503235,0.32213377952575684,0.3199615776538849,0.3209596574306488,0.3683551549911499,0.09585768729448318,0.09658536314964294,0.09579546749591827,0.09571641683578491,0.10931684821844101,,,,,,,,,,,,,,,,
22,1299,,,,,,,,,,,,,,,,,,,,,,,4.999999873689376e-05,7.349999941652641e-05,3.232564267818816e-06,,,,,,,,,,,,,
22,1333,,,,,,,,,,,,,,,,,,,,,,,,,,0.8201901316642761,0.51350998878479,0.851445734500885,0.903921365737915,0.6974140405654907,0.824999988079071,5.148423194885254,0.8708667755126953,0.6668500304222107,0.7527082562446594,0.8159482479095459,0.8555781245231628,0.8491379022598267
22,1333,3790.8427734375,3741.731689453125,3752.6884765625,3787.814697265625,3864.7509765625,0.7239168882369995,2.754652976989746,0.009055130183696747,0.009053552523255348,0.00900890864431858,0.009040044620633125,0.011407745070755482,0.30576974153518677,0.3082601726055145,0.3056776821613312,0.3042883276939392,0.3618611991405487,0.08937378227710724,0.0894683226943016,0.08968663215637207,0.08927878737449646,0.10767708718776703,,,,,,,,,,,,,,,,
23,1349,,,,,,,,,,,,,,,,,,,,,,,4.999999873689376e-05,7.349999941652641e-05,3.232564267818816e-06,,,,,,,,,,,,,
23,1391,,,,,,,,,,,,,,,,,,,,,,,,,,0.8255726099014282,0.5456713438034058,0.8517544269561768,0.8891881108283997,0.690403163433075,0.8340517282485962,4.961224555969238,0.9066400527954102,0.685621976852417,0.7877095341682434,0.817241370677948,0.8477184772491455,0.8663793206214905
23,1391,3793.09814453125,3717.96875,3732.56689453125,3792.210205078125,3866.48388671875,0.6382626295089722,2.8607914447784424,0.009567071683704853,0.00981809850782156,0.009690515697002411,0.009528664872050285,0.011465348303318024,0.3177848756313324,0.3163410723209381,0.3165903687477112,0.316233366727829,0.3658671975135803,0.09443901479244232,0.09561330825090408,0.09494614601135254,0.09415882080793381,0.10965590924024582,,,,,,,,,,,,,,,,
24,1399,,,,,,,,,,,,,,,,,,,,,,,4.999999873689376e-05,7.349999941652641e-05,3.232564267818816e-06,,,,,,,,,,,,,
24,1449,,,,,,,,,,,,,,,,,,,,,,,4.999999873689376e-05,7.349999941652641e-05,3.232564267818816e-06,,,,,,,,,,,,,
24,1449,,,,,,,,,,,,,,,,,,,,,,,,,,0.8190106749534607,0.5342894196510315,0.8670231103897095,0.8933165073394775,0.6879287958145142,0.8280172348022461,4.987331867218018,0.876324474811554,0.6766500473022461,0.788324236869812,0.8228448033332825,0.8821083307266235,0.8534482717514038
24,1449,3805.533447265625,3709.326416015625,3741.883544921875,3804.002197265625,3869.699462890625,0.5111626386642456,2.7994184494018555,0.009499032981693745,0.009241503663361073,0.00941118597984314,0.009441840462386608,0.011055244132876396,0.313493013381958,0.31233468651771545,0.3122386336326599,0.3118000328540802,0.355068564414978,0.09291805326938629,0.09173165261745453,0.09253265708684921,0.092783622443676,0.10565376281738281,,,,,,,,,,,,,,,,
25,1499,,,,,,,,,,,,,,,,,,,,,,,4.999999873689376e-05,7.349999941652641e-05,3.232564267818816e-06,,,,,,,,,,,,,
25,1507,,,,,,,,,,,,,,,,,,,,,,,,,,0.8289415836334229,0.5224556922912598,0.8649789094924927,0.8882836103439331,0.6898779273033142,0.8284482955932617,5.070713520050049,0.8825542330741882,0.6756986379623413,0.7604925632476807,0.821982741355896,0.8471074104309082,0.8836206793785095
25,1507,3817.5615234375,3727.68212890625,3747.916015625,3816.596923828125,3871.41162109375,0.7543103694915771,2.7649121284484863,0.009042461402714252,0.008967210538685322,0.008931392803788185,0.009001625701785088,0.011639216914772987,0.3071209788322449,0.3085441589355469,0.3061407804489136,0.30699875950813293,0.3636651337146759,0.08986219763755798,0.08962558954954147,0.0891336053609848,0.08953653275966644,0.109107606112957,,,,,,,,,,,,,,,,
26,1549,,,,,,,,,,,,,,,,,,,,,,,4.999999873689376e-05,7.349999941652641e-05,3.232564267818816e-06,,,,,,,,,,,,,
26,1565,,,,,,,,,,,,,,,,,,,,,,,,,,0.8219833970069885,0.5365908145904541,0.8638168573379517,0.895779013633728,0.6939084529876709,0.8262931108474731,5.10292911529541,0.8971215486526489,0.6792870759963989,0.7890544533729553,0.8081896305084229,0.8611598610877991,0.8706896305084229
26,1565,3825.571044921875,3745.538818359375,3749.477294921875,3823.017333984375,3868.887939453125,0.4669540226459503,2.6485307216644287,0.00911614578217268,0.008991191163659096,0.008957871235907078,0.009037293493747711,0.010844499804079533,0.29401883482933044,0.2937968373298645,0.29204902052879333,0.2926555275917053,0.3389720618724823,0.0878661647439003,0.08720006048679352,0.08687886595726013,0.08733996748924255,0.1018669381737709,,,,,,,,,,,,,,,,
27,1599,,,,,,,,,,,,,,,,,,,,,,,4.999999873689376e-05,7.349999941652641e-05,3.232564267818816e-06,,,,,,,,,,,,,
27,1623,,,,,,,,,,,,,,,,,,,,,,,,,,0.797203779220581,0.5086369514465332,0.8557063937187195,0.8826245069503784,0.6855936050415039,0.824999988079071,5.178593635559082,0.85370934009552,0.6529203653335571,0.7385655045509338,0.8073275685310364,0.8413448333740234,0.8706896305084229
27,1623,3809.550537109375,3726.898681640625,3681.951416015625,3790.664794921875,3863.32763671875,0.8261494636535645,2.813817024230957,0.00942864827811718,0.009497365914285183,0.009382817894220352,0.009421679191291332,0.011725100688636303,0.3062654137611389,0.30727487802505493,0.30553072690963745,0.30638977885246277,0.3605673015117645,0.09458313137292862,0.09445919096469879,0.09437651187181473,0.09431142359972,0.1125250980257988,,,,,,,,,,,,,,,,
28,1649,,,,,,,,,,,,,,,,,,,,,,,4.999999873689376e-05,7.349999941652641e-05,3.232564267818816e-06,,,,,,,,,,,,,
28,1681,,,,,,,,,,,,,,,,,,,,,,,,,,0.8293756246566772,0.5521405339241028,0.8519096970558167,0.8844598531723022,0.6869165897369385,0.8237069249153137,5.053985595703125,0.8948502540588379,0.6907581090927124,0.782163679599762,0.8185344934463501,0.8286369442939758,0.8836206793785095
28,1681,3813.997802734375,3630.121826171875,3663.605712890625,3796.159423828125,3851.1142578125,0.8123342394828796,2.688257932662964,0.008988268673419952,0.009027795866131783,0.008931425400078297,0.009012372232973576,0.010972147807478905,0.3029748797416687,0.30253469944000244,0.30066102743148804,0.30266398191452026,0.34862419962882996,0.08662532269954681,0.08668709546327591,0.0865941271185875,0.08677651733160019,0.10138612240552902,,,,,,,,,,,,,,,,
29,1699,,,,,,,,,,,,,,,,,,,,,,,4.999999873689376e-05,7.349999941652641e-05,3.232564267818816e-06,,,,,,,,,,,,,
29,1739,,,,,,,,,,,,,,,,,,,,,,,,,,0.8330633640289307,0.5154827833175659,0.8523539900779724,0.8944501280784607,0.6906929612159729,0.8280172348022461,5.020846843719482,0.8801507353782654,0.6742730736732483,0.7786426544189453,0.8258620500564575,0.8348032832145691,0.875
29,1739,3830.449462890625,3673.487060546875,3694.51513671875,3802.393310546875,3863.82861328125,1.1162686347961426,2.716611385345459,0.008795756846666336,0.00875580683350563,0.00866758543998003,0.008789164014160633,0.011023582890629768,0.30262109637260437,0.30409324169158936,0.30333825945854187,0.3025166392326355,0.3510904014110565,0.08906923234462738,0.08893821388483047,0.0885668694972992,0.08916065096855164,0.10566110163927078,,,,,,,,,,,,,,,,
30,1749,,,,,,,,,,,,,,,,,,,,,,,4.999999873689376e-05,7.349999941652641e-05,3.232564267818816e-06,,,,,,,,,,,,,
30,1797,,,,,,,,,,,,,,,,,,,,,,,,,,0.8295764327049255,0.5588335990905762,0.8590371012687683,0.88859623670578,0.6907494068145752,0.8288792967796326,4.967331886291504,0.9017106890678406,0.6942049860954285,0.7944832444190979,0.8241379261016846,0.826458752155304,0.9008620977401733
30,1797,3839.852294921875,3749.492431640625,3778.174560546875,3820.613037109375,3870.090576171875,0.5940538644790649,2.643866539001465,0.008642059750854969,0.008661158382892609,0.008599735796451569,0.008655029349029064,0.011093271896243095,0.2952209711074829,0.29602012038230896,0.29338353872299194,0.2939505875110626,0.3419334292411804,0.08572941273450851,0.08611258119344711,0.08514107018709183,0.08609247952699661,0.10447554290294647,,,,,,,,,,,,,,,,
31,1799,,,,,,,,,,,,,,,,,,,,,,,4.999999873689376e-05,7.349999941652641e-05,3.232564267818816e-06,,,,,,,,,,,,,
31,1849,,,,,,,,,,,,,,,,,,,,,,,4.999999873689376e-05,7.349999941652641e-05,3.232564267818816e-06,,,,,,,,,,,,,
31,1855,,,,,,,,,,,,,,,,,,,,,,,,,,0.8196203708648682,0.5682919025421143,0.864437997341156,0.8916091322898865,0.6949553489685059,0.8293103575706482,4.921108245849609,0.9037472605705261,0.6939561367034912,0.8119760155677795,0.8159482479095459,0.8859970569610596,0.8491379022598267
31,1855,3836.97412109375,3729.916015625,3781.52685546875,3810.549560546875,3857.606689453125,0.18236075341701508,2.482264757156372,0.008012806996703148,0.008104871958494186,0.008076540194451809,0.008031975477933884,0.010226569138467312,0.274651437997818,0.27601996064186096,0.27451255917549133,0.27332907915115356,0.3234070837497711,0.08138315379619598,0.08173665404319763,0.08118481934070587,0.08112499117851257,0.09861007332801819,,,,,,,,,,,,,,,,
32,1899,,,,,,,,,,,,,,,,,,,,,,,4.999999873689376e-05,7.349999941652641e-05,3.232564267818816e-06,,,,,,,,,,,,,
32,1913,,,,,,,,,,,,,,,,,,,,,,,,,,0.8267338275909424,0.5209336876869202,0.8550339341163635,0.8926618099212646,0.6911529898643494,0.8301724195480347,5.006006240844727,0.8624570965766907,0.6738337278366089,0.764488935470581,0.8327586054801941,0.8844519853591919,0.8275862336158752
32,1913,3858.461181640625,3733.24365234375,3818.63134765625,3828.5302734375,3868.42138671875,0.5857647657394409,2.5397355556488037,0.008203195407986641,0.008247271180152893,0.008211496286094189,0.008217030204832554,0.009929457679390907,0.28741002082824707,0.2919372618198395,0.2904307544231415,0.288501501083374,0.33350422978401184,0.08083542436361313,0.08085887879133224,0.08061457425355911,0.08044426888227463,0.09420137107372284,,,,,,,,,,,,,,,,
33,1949,,,,,,,,,,,,,,,,,,,,,,,4.999999873689376e-05,7.349999941652641e-05,3.232564267818816e-06,,,,,,,,,,,,,
33,1971,,,,,,,,,,,,,,,,,,,,,,,,,,0.8335241079330444,0.5482879281044006,0.856537401676178,0.890147864818573,0.692879855632782,0.8284482955932617,5.014290809631348,0.8889168500900269,0.6909059882164001,0.7933509349822998,0.8284482955932617,0.8353511095046997,0.8793103694915771
33,1971,3869.435302734375,3665.71337890625,3804.653076171875,3826.35888671875,3862.767333984375,1.2516577243804932,2.634561061859131,0.008505266159772873,0.008605029433965683,0.00850237999111414,0.008521027863025665,0.010435580275952816,0.30057862401008606,0.30127134919166565,0.300152063369751,0.29996344447135925,0.3506057560443878,0.08257008343935013,0.08318954706192017,0.08262283354997635,0.08258214592933655,0.09860680252313614,,,,,,,,,,,,,,,,
34,1999,,,,,,,,,,,,,,,,,,,,,,,4.999999873689376e-05,7.349999941652641e-05,3.232564267818816e-06,,,,,,,,,,,,,
34,2029,,,,,,,,,,,,,,,,,,,,,,,,,,0.8161404132843018,0.5371733903884888,0.8278721570968628,0.8880180716514587,0.6913464665412903,0.829741358757019,5.460464000701904,0.8892796039581299,0.6766569018363953,0.7891895771026611,0.821982741355896,0.8135661482810974,0.8620689511299133
34,2029,3873.56689453125,3658.27587890625,3801.99365234375,3832.392333984375,3860.208984375,1.193633794784546,2.566025495529175,0.008116991259157658,0.008177854120731354,0.008117764256894588,0.008080198429524899,0.009998941794037819,0.29675018787384033,0.2976664900779724,0.29545336961746216,0.29609793424606323,0.342157781124115,0.07978104799985886,0.07991465926170349,0.07919254899024963,0.07936836034059525,0.09446371346712112,,,,,,,,,,,,,,,,
35,2049,,,,,,,,,,,,,,,,,,,,,,,4.999999873689376e-05,7.349999941652641e-05,3.232564267818816e-06,,,,,,,,,,,,,
35,2087,,,,,,,,,,,,,,,,,,,,,,,,,,0.8117342591285706,0.5284780263900757,0.8602620363235474,0.8901418447494507,0.6936370134353638,0.8301724195480347,5.068328380584717,0.8709777593612671,0.6701061725616455,0.7797577381134033,0.8241379261016846,0.8716813921928406,0.8491379022598267
35,2087,3864.728515625,3700.3740234375,3797.163818359375,3822.904052734375,3866.711181640625,0.35919538140296936,2.558664560317993,0.008482756093144417,0.00835941731929779,0.008405490778386593,0.008505603298544884,0.010230004787445068,0.2899666428565979,0.2868046462535858,0.2874996066093445,0.28922146558761597,0.32932642102241516,0.08313153684139252,0.0823616236448288,0.08268401771783829,0.08327616751194,0.0965108722448349,,,,,,,,,,,,,,,,
36,2099,,,,,,,,,,,,,,,,,,,,,,,4.999999873689376e-05,7.349999941652641e-05,3.232564267818816e-06,,,,,,,,,,,,,
36,2145,,,,,,,,,,,,,,,,,,,,,,,,,,0.8245716094970703,0.5208601355552673,0.8580191135406494,0.8918583989143372,0.6936869025230408,0.8331896662712097,5.27600622177124,0.8662539720535278,0.6727159023284912,0.7888370752334595,0.8232758641242981,0.8465964794158936,0.8706896305084229
36,2145,3856.4365234375,3668.541015625,3771.679931640625,3796.079833984375,3858.574462890625,0.2597258985042572,2.4738309383392334,0.008190841414034367,0.00813501887023449,0.00811607763171196,0.008197108283638954,0.009600126184523106,0.27364447712898254,0.2755725383758545,0.2743509113788605,0.27326247096061707,0.31797364354133606,0.08213625848293304,0.08253362029790878,0.08230463415384293,0.08228670805692673,0.09465458989143372,,,,,,,,,,,,,,,,
37,2149,,,,,,,,,,,,,,,,,,,,,,,4.999999873689376e-05,7.349999941652641e-05,3.232564267818816e-06,,,,,,,,,,,,,
37,2199,,,,,,,,,,,,,,,,,,,,,,,4.999999873689376e-05,7.349999941652641e-05,3.232564267818816e-06,,,,,,,,,,,,,
37,2203,,,,,,,,,,,,,,,,,,,,,,,,,,0.8269677758216858,0.5755214095115662,0.8665889501571655,0.8895864486694336,0.6946606636047363,0.829741358757019,4.828028202056885,0.9059814214706421,0.701244592666626,0.7867146730422974,0.8159482479095459,0.8871257305145264,0.8491379022598267
37,2203,3872.8447265625,3604.053955078125,3792.638916015625,3837.55712890625,3857.170166015625,0.4420866370201111,2.4303791522979736,0.00801753532141447,0.007990955375134945,0.008037743158638477,0.008020349778234959,0.009615925140678883,0.2767982482910156,0.2751784920692444,0.2743375599384308,0.2756138741970062,0.31203579902648926,0.07865650951862335,0.0781412199139595,0.07818038016557693,0.07858353108167648,0.09043939411640167,,,,,,,,,,,,,,,,
38,2249,,,,,,,,,,,,,,,,,,,,,,,4.999999873689376e-05,7.349999941652641e-05,3.232564267818816e-06,,,,,,,,,,,,,
38,2261,,,,,,,,,,,,,,,,,,,,,,,,,,0.8158965706825256,0.5447263717651367,0.8653150200843811,0.8899165987968445,0.6976901292800903,0.8327586054801941,5.065386772155762,0.8706733584403992,0.6803115010261536,0.7685228586196899,0.8293103575706482,0.9001027345657349,0.8362069129943848
38,2261,3877.75634765625,3671.716552734375,3766.9990234375,3858.720947265625,3848.93212890625,0.46695399284362793,2.4291489124298096,0.007645339705049992,0.0075850230641663074,0.007618431467562914,0.00763273611664772,0.009680281393229961,0.27599090337753296,0.27425551414489746,0.27254971861839294,0.27538546919822693,0.32784703373908997,0.07750672847032547,0.07695642858743668,0.07705460488796234,0.07739553600549698,0.09224224835634232,,,,,,,,,,,,,,,,
39,2299,,,,,,,,,,,,,,,,,,,,,,,4.999999873689376e-05,7.349999941652641e-05,3.232564267818816e-06,,,,,,,,,,,,,
39,2319,,,,,,,,,,,,,,,,,,,,,,,,,,0.8136289715766907,0.534019410610199,0.8599274754524231,0.8887152075767517,0.6961230039596558,0.8318965435028076,5.147759437561035,0.8915276527404785,0.6738241910934448,0.7736095786094666,0.8129310607910156,0.8906023502349854,0.8362069129943848
39,2319,3872.581787109375,3699.127197265625,3763.8857421875,3855.904052734375,3844.601318359375,0.0,2.3862686157226562,0.007822880521416664,0.007693542633205652,0.0077595640905201435,0.007792948745191097,0.009446780197322369,0.2674846351146698,0.26849767565727234,0.2665533423423767,0.26705318689346313,0.3143478333950043,0.07774360477924347,0.07700621336698532,0.07725735008716583,0.07746423780918121,0.09040528535842896,,,,,,,,,,,,,,,,
40,2349,,,,,,,,,,,,,,,,,,,,,,,4.999999873689376e-05,7.349999941652641e-05,3.232564267818816e-06,,,,,,,,,,,,,
40,2377,,,,,,,,,,,,,,,,,,,,,,,,,,0.8277663588523865,0.5182124972343445,0.8588987588882446,0.8893644213676453,0.6970232725143433,0.8323276042938232,5.177016735076904,0.876244843006134,0.6729894280433655,0.7420424222946167,0.826724112033844,0.8515765070915222,0.8663793206214905
40,2377,3875.77587890625,3681.668212890625,3786.271484375,3856.04638671875,3856.675537109375,0.21551723778247833,2.3503119945526123,0.007404664531350136,0.007382027339190245,0.007377341389656067,0.007424990646541119,0.009433276019990444,0.2634354531764984,0.2633517384529114,0.2626195251941681,0.2628209888935089,0.3139491379261017,0.07578248530626297,0.07584013789892197,0.0754861831665039,0.07599631696939468,0.09140679985284805,,,,,,,,,,,,,,,,
41,2399,,,,,,,,,,,,,,,,,,,,,,,4.999999873689376e-05,7.349999941652641e-05,3.232564267818816e-06,,,,,,,,,,,,,
41,2435,,,,,,,,,,,,,,,,,,,,,,,,,,0.8264302611351013,0.5327667593955994,0.8747777938842773,0.8847852945327759,0.6865297555923462,0.8280172348022461,5.022675037384033,0.8777677416801453,0.6795985102653503,0.7692202925682068,0.8254310488700867,0.8924951553344727,0.857758641242981
41,2435,3870.7822265625,3614.908447265625,3764.115234375,3862.148681640625,3837.4169921875,0.2514367699623108,2.4503049850463867,0.0077509148977696896,0.007723438553512096,0.007676945999264717,0.007789854891598225,0.011459916830062866,0.26713448762893677,0.26995527744293213,0.267047643661499,0.267459899187088,0.341526597738266,0.07713903486728668,0.07699458301067352,0.07665863633155823,0.07737238705158234,0.10442274808883667,,,,,,,,,,,,,,,,
